"gene_name","t1","t2"
"Prdm1",-74.625336,-13.59505
"Prdm10",-72.33581,-13.50285
"Prdm11",-72.55952,-9.886347
"Prdm12",-77.24104,-13.396053
"Prdm13",-70.42593,-15.009473
"Prdm14",-79.6404,-14.52087
"Prdm15",-80.44458,-16.348103
"Prdm2",-73.83595,-10.756048
"Prdm4",-78.27664,-15.081608
"Prdm5",-72.01219,-14.444002
"Prdm6",-77.38499,-14.468018
"Prdm8",-76.1641,-10.148612
"Prdm9",-77.419525,-16.298647
"Prkaa1",-76.49066,-11.52737
"Prkaa2",-78.23175,-12.363509
"Prkcd",-73.440544,-15.623931
