"gene_name","t1","t2"
"Baz1a",44.683243,3.7695916
"Baz1b",42.85567,0.5499018
"Baz2b",40.13189,-0.33051762
"Bmi1",36.64514,-1.6492518
"Bop1",44.06356,2.5019631
"Brd1",41.88048,-0.12414333
"Brd2",34.103966,-2.436147
"Brd3",35.687717,-1.9430271
"Brpf1",42.02829,-1.0144343
"Brpf3",43.570488,1.7155285
