"gene_name","t1","t2"
"Prmt7",-15.603342,60.72376
"Rbbp4",-10.535448,61.179375
"Rnf20",-11.503005,65.48869
