"gene_name","t1","t2"
"Prmt1",-17.798323,60.27481
"Prmt2",-13.228484,64.02072
"Prmt3",-16.074251,58.9536
"Prmt5",-14.692234,62.2139
"Prmt6",-12.272603,64.43606
"Prmt7",-15.603342,60.72376
"Prmt8",-13.382084,62.472927
"Psip1",-10.349844,57.878567
"Rbbp4",-10.535448,61.179375
"Rbbp5",-15.100167,60.0802
"Rbbp7",-9.597792,57.51586
"Ring1",-16.330645,64.80197
"Rnf2",-11.13478,62.180195
"Rnf20",-11.503005,65.48869
"Rnf217",-13.451269,65.88336
"Rnf40",-9.994978,66.24034
"Smyd2",-16.907984,54.021984
